radius_mean,texture_mean,radius_se,texture_se,radius_worst,texture_worst
17.99,10.38,1.095,0.9053,25.38,17.33
20.57,17.77,0.5435,0.7339,24.99,23.41
19.69,21.25,0.7456,0.7869,23.57,25.53
11.42,20.38,0.4956,1.156,14.91,26.5
20.29,14.34,0.7572,0.7813,22.54,16.67
12.45,15.7,0.3345,0.8902,15.47,23.75
18.25,19.98,0.4467,0.7732,22.88,27.66
13.71,20.83,0.5835,1.377,17.06,28.14
13,21.82,0.3063,1.002,15.49,30.73
12.46,24.04,0.2976,1.599,15.09,40.68
16.02,23.24,0.3795,1.187,19.19,33.88
15.78,17.89,0.5058,0.9849,20.42,27.28
19.17,24.8,0.9555,3.568,20.96,29.94
15.85,23.95,0.4033,1.078,16.84,27.66
13.73,22.61,0.2121,1.169,15.03,32.01
14.54,27.54,0.37,1.033,17.46,37.13
14.68,20.13,0.4727,1.24,19.07,30.88
16.13,20.68,0.5692,1.073,20.96,31.48
19.81,22.15,0.7582,1.017,27.32,30.88
13.54,14.36,0.2699,0.7886,15.11,19.26
13.08,15.71,0.1852,0.7477,14.5,20.49
9.504,12.44,0.2773,0.9768,10.23,15.66
15.34,14.26,0.4388,0.7096,18.07,19.08
21.16,23.04,0.6917,1.127,29.17,35.59
16.65,21.38,0.8068,0.9017,26.46,31.56
17.14,16.4,1.046,0.976,22.25,21.4
14.58,21.53,0.2545,0.9832,17.62,33.21
18.61,20.25,0.8529,1.849,21.31,27.26
15.3,25.27,0.439,1.012,20.27,36.71
17.57,15.05,0.6003,0.8225,20.01,19.52
18.63,25.11,0.8307,1.466,23.15,34.01
11.84,18.7,0.4825,1.03,16.82,28.12
17.02,23.98,0.6009,1.398,20.88,32.09
19.27,26.47,0.5558,0.6062,24.15,30.9
16.13,17.88,0.334,0.6857,20.21,27.26
16.74,21.59,0.4615,0.9197,20.01,29.02
14.25,21.72,0.286,1.019,15.89,30.36
13.03,18.42,0.1839,2.342,13.3,22.81
14.99,25.2,1.214,2.188,14.99,25.2
13.48,20.82,0.213,0.5914,15.53,26.02
13.44,21.58,0.2385,0.8265,15.93,30.25
10.95,21.35,0.2366,1.428,12.84,35.34
19.07,24.81,0.9811,1.666,24.09,33.17
13.28,20.28,0.3704,0.8249,17.38,28
13.17,21.81,0.1938,0.6123,16.23,29.89
18.65,17.6,0.6289,0.6633,22.82,21.32
8.196,16.84,0.1563,0.9567,8.964,21.96
13.17,18.66,0.2871,0.8937,15.67,27.95
12.05,14.63,0.2636,0.7294,13.76,20.7
13.49,22.3,0.2338,1.353,15.15,31.82
11.76,21.6,0.4062,1.21,12.98,25.72
13.64,16.34,0.1872,0.9234,14.67,23.19
11.94,18.24,0.2273,0.6329,13.1,21.33
18.22,18.7,0.8337,1.593,20.6,24.13
15.1,22.02,0.3105,0.8339,18.1,31.69
11.52,18.75,0.3249,0.9591,12.84,22.47
19.21,18.57,0.7275,1.193,26.14,28.14
14.71,21.59,0.4226,1.15,17.87,30.7
13.05,19.31,0.404,1.214,14.23,22.25
8.618,11.79,0.1559,0.5796,9.507,15.4
10.17,14.88,0.5158,1.441,11.02,17.45
8.598,20.98,0.3582,2.067,9.565,27.04
14.25,22.15,0.7036,1.268,17.67,29.51
9.173,13.86,0.4098,2.265,10.01,19.23
12.68,23.84,0.4255,1.178,17.09,33.47
14.78,23.94,0.3577,1.281,17.31,33.39
9.465,21.01,0.2351,2.011,10.41,31.56
11.31,19.04,0.2727,0.9429,12.33,23.84
9.029,17.33,0.3274,1.194,10.31,22.65
12.78,16.49,0.2368,0.8732,13.46,19.76
18.94,21.31,0.7888,0.7975,24.86,26.58
8.888,14.64,0.5262,0.8522,9.733,15.67
17.2,24.52,0.5907,1.041,23.32,33.82
13.8,15.79,0.2787,0.6205,16.57,20.86
12.31,16.52,0.2505,1.025,14.11,23.21
16.07,19.65,0.7474,1.016,19.77,24.56
13.53,10.94,0.4101,1.014,14.08,12.49
18.05,16.15,0.9806,0.5505,22.39,18.91
20.18,23.97,0.9317,1.885,23.37,31.72
12.86,18,0.2655,1.095,14.24,24.82
11.45,20.97,0.3251,2.174,13.11,32.16
13.34,15.86,0.286,1.016,15.53,23.19
25.22,24.91,0.8973,1.474,30,33.62
19.1,26.29,0.519,2.91,20.33,32.72
12,15.65,0.2271,1.255,13.67,24.9
18.46,18.52,0.6997,1.475,22.93,27.68
14.48,21.46,0.4204,2.22,16.21,29.25
19.02,24.59,0.5495,0.6636,24.56,30.41
12.36,21.8,0.2978,1.502,13.83,30.5
14.64,15.24,0.5115,0.7372,16.34,18.24
14.62,24.02,0.3721,1.111,16.11,29.11
15.37,22.76,0.3129,0.8413,16.43,25.84
13.27,14.76,0.4057,1.153,16.36,22.35
13.45,18.3,0.295,1.373,15.1,25.94
15.06,19.83,0.4768,0.9644,18.23,24.23
20.26,23.03,0.7576,1.509,24.22,31.59
12.18,17.84,0.3661,1.511,12.83,20.92
9.787,19.94,0.335,2.043,10.92,26.29
11.6,12.84,0.2315,0.5391,13.06,17.16
14.42,19.77,0.2895,1.851,16.33,30.86
13.61,24.98,0.4565,1.29,16.99,35.27
6.981,13.43,0.2241,1.508,7.93,19.54
12.18,20.52,0.1924,1.571,13.34,32.84
9.876,19.4,0.1803,1.222,10.76,26.83
10.49,19.29,0.355,1.534,11.54,23.31
13.11,15.56,0.3908,0.9238,16.31,22.4
11.64,18.33,0.306,1.657,13.14,29.26
12.36,18.54,0.1199,0.8944,13.29,27.49
22.27,19.67,1.215,1.545,28.4,28.01
11.34,21.26,0.2344,0.9861,13.01,29.15
9.777,16.99,0.403,1.424,11.05,21.47
12.63,20.76,0.3424,1.803,13.33,25.47
14.26,19.65,0.3628,1.49,15.3,23.73
10.51,20.19,0.3336,1.86,11.16,22.75
8.726,15.83,0.1665,0.5864,9.628,19.62
11.93,21.53,0.3118,0.9227,13.67,26.15
8.95,15.76,0.3132,0.9789,9.414,17.07
14.87,16.67,0.4266,0.9489,18.81,27.37
15.78,22.91,0.552,1.072,20.19,30.5
17.95,20.01,0.5506,1.214,20.58,27.83
11.41,10.82,0.1408,0.4607,12.82,15.97
18.66,17.12,0.7128,1.581,22.25,24.9
24.25,20.2,1.509,3.12,26.02,23.99
14.5,10.89,0.2929,0.857,15.7,15.98
13.37,16.39,0.1639,1.14,14.26,22.75
13.85,17.21,0.2185,0.8561,15.49,23.58
13.61,24.69,0.231,1.005,16.89,35.64
19,18.91,0.6896,1.342,22.32,25.73
15.1,16.39,0.4309,1.068,16.11,18.33
19.79,25.12,0.4953,1.199,22.63,33.58
12.19,13.29,0.2005,0.8163,13.34,17.81
15.46,19.48,0.4743,0.7859,19.26,26
16.16,21.54,0.4332,1.265,19.47,31.68
15.71,13.93,0.3117,0.8155,17.5,19.25
18.45,21.91,0.5959,1.202,22.52,31.39
12.77,22.47,0.2367,1.38,14.49,33.37
11.71,16.67,0.4489,2.508,13.33,25.48
11.43,15.39,0.1759,0.9938,12.32,22.02
14.95,17.57,1.296,1.452,18.55,21.43
11.28,13.39,0.3384,1.343,11.92,15.77
9.738,11.97,0.1988,0.496,10.62,14.1
16.11,18.05,0.7049,1.332,19.92,25.27
11.43,17.31,0.2843,1.908,12.78,26.76
12.9,15.92,0.2143,0.7712,14.48,21.82
10.75,14.97,0.2525,1.239,11.95,20.72
11.9,14.65,0.3962,0.6538,13.15,16.51
11.8,16.58,0.3197,1.426,13.74,26.38
14.95,18.77,0.422,1.909,16.25,25.47
14.44,15.18,0.2406,0.7394,15.85,19.85
13.74,17.91,0.25,0.7574,15.34,22.46
13,20.78,0.4202,1.322,14.16,24.11
8.219,20.7,0.1935,1.962,9.092,29.72
9.731,15.34,0.8245,2.664,11.02,19.49
11.15,13.08,0.2251,0.7815,11.99,16.3
13.15,15.34,0.271,0.7927,14.77,20.5
12.25,17.94,0.22,0.9823,13.59,25.22
17.68,20.74,0.8113,1.4,20.47,25.11
16.84,19.46,0.4789,2.06,18.22,28.07
12.06,12.74,0.1822,0.7285,13.14,18.41
10.9,12.96,0.2818,0.7614,12.36,18.2
11.75,20.18,0.5018,1.693,13.32,26.21
19.19,15.94,1,0.6336,22.03,17.81
19.59,18.15,0.7364,1.048,26.73,26.39
12.34,22.22,0.2949,1.656,13.58,28.68
23.27,22.04,0.6642,0.8561,28.01,28.22
14.97,19.76,0.184,1.065,15.98,25.82
10.8,9.71,0.1728,0.4064,11.6,12.02
16.78,18.8,0.599,1.391,20.05,26.3
17.47,24.68,1.088,1.41,23.14,32.33
14.97,16.95,0.2713,1.217,16.11,23
12.32,12.39,0.236,0.6656,13.5,15.64
13.43,19.63,0.4697,1.147,17.98,29.87
15.46,11.89,0.4209,0.6583,18.79,17.04
11.08,14.71,0.2073,1.805,11.35,16.82
10.66,15.15,0.3309,1.925,11.54,19.2
8.671,14.45,0.2204,0.7873,9.262,17.04
9.904,18.06,0.4311,2.261,11.26,24.39
16.46,20.11,0.3037,1.284,17.79,28.45
13.01,22.22,0.1731,1.142,14,29.02
12.81,13.06,0.2889,0.9899,13.63,16.15
27.22,21.87,0.8361,1.481,33.12,32.85
21.09,26.57,0.6298,0.7629,26.68,33.48
15.7,20.31,0.3699,1.15,20.11,32.82
11.41,14.92,0.3344,1.108,12.37,17.7
15.28,22.41,0.2054,0.4956,17.8,28.03
10.08,15.11,0.4245,1.268,11.87,21.18
18.31,18.58,0.2577,0.4757,21.31,26.36
11.71,17.19,0.2451,0.7655,13.01,21.39
11.81,17.39,0.1859,1.926,12.57,26.48
12.3,15.9,0.2382,0.8355,13.35,19.59
14.22,23.12,0.286,2.11,15.74,37.18
12.77,21.41,0.7311,1.748,13.75,23.5
9.72,18.22,0.3539,4.885,9.968,20.83
12.34,26.86,0.4053,1.809,15.65,39.34
14.86,23.21,0.2796,0.9622,16.08,27.78
12.91,16.33,0.1942,0.9086,13.88,22
13.77,22.29,0.6191,2.112,16.39,34.01
18.08,21.84,0.6362,1.305,19.76,24.7
19.18,22.49,0.4357,1.073,23.36,32.06
14.45,20.22,0.2092,0.6509,18.33,30.12
12.23,19.56,0.3534,1.326,14.44,28.36
17.54,19.32,0.3971,0.8282,20.42,25.84
23.29,26.67,0.5539,1.56,25.12,32.68
13.81,23.75,0.5648,1.93,19.2,41.85
12.47,18.6,0.3961,1.044,14.97,24.64
15.12,16.68,0.2711,0.3621,17.77,20.24
9.876,17.27,0.2137,1.342,10.42,23.22
17.01,20.26,0.5858,0.8554,19.8,25.05
13.11,22.54,0.1931,0.9223,14.55,29.16
15.27,12.91,0.2134,0.3628,17.38,15.92
20.58,22.14,0.8601,1.48,23.24,27.84
11.84,18.94,0.2222,0.8652,13.3,24.99
28.11,18.47,2.873,1.476,28.11,18.47
17.42,25.56,0.5296,1.667,18.07,28.07
14.19,23.81,0.4207,1.845,16.86,34.85
13.86,16.93,0.2563,1.194,15.75,26.93
11.89,18.35,0.2963,1.563,13.25,27.1
10.2,17.48,0.3567,1.922,11.48,24.47
19.8,21.56,0.9553,1.186,25.73,28.64
19.53,32.47,0.7392,1.321,27.9,45.41
13.65,13.16,0.2102,0.4336,15.34,16.35
13.56,13.9,0.2569,0.4981,14.98,17.13
10.18,17.53,0.2467,1.217,11.17,22.84
15.75,20.25,0.3473,0.9209,19.56,30.29
13.27,17.02,0.2927,0.8907,15.14,23.6
14.34,13.47,0.522,0.8121,16.77,16.9
10.44,15.46,0.1913,0.9027,11.52,19.8
15,15.51,0.2318,0.4966,16.41,19.31
12.62,23.97,0.2449,1.066,14.2,31.31
12.83,22.33,0.3061,1.069,15.2,30.15
17.05,19.08,0.2959,0.679,19.59,24.89
11.32,27.08,0.121,0.8927,12.08,33.75
11.22,33.81,0.2239,1.647,12.36,41.78
20.51,27.81,0.524,1.189,24.47,37.38
9.567,15.91,0.2152,0.8301,10.51,19.16
14.03,21.25,0.2589,1.503,15.33,30.28
23.21,26.97,1.058,0.9635,31.01,34.51
20.48,21.46,0.6874,1.041,24.22,26.17
14.22,27.85,0.3354,2.324,15.75,40.54
17.46,39.28,0.5366,0.8561,22.51,44.87
13.64,15.6,0.3242,0.6612,14.85,19.05
12.42,15.04,0.1153,0.6745,13.2,20.37
11.3,18.19,0.2428,1.642,12.58,27.96
13.75,23.77,0.4347,1.057,15.01,26.34
19.4,23.5,0.5243,1.802,21.65,30.53
10.48,19.86,0.3719,2.612,11.48,29.46
13.2,17.43,0.163,1.601,13.94,27.82
12.89,14.11,0.2025,0.4402,14.39,17.7
10.65,25.22,0.2497,1.493,12.25,35.19
11.52,14.93,0.2562,1.038,12.65,21.19
20.94,23.56,1.004,0.8208,25.58,27
11.5,18.45,0.3927,0.8429,12.97,22.46
19.73,19.82,0.7661,0.78,25.28,25.59
17.3,17.08,0.3093,0.8568,19.85,25.09
19.45,19.33,0.5959,0.6342,25.7,24.57
13.96,17.05,0.425,0.8098,16.39,22.07
19.55,28.77,0.8426,1.199,25.05,36.27
15.32,17.27,0.6592,1.059,17.73,22.66
15.66,23.2,1.292,2.454,19.85,31.64
15.53,33.56,0.2419,1.278,18.49,49.54
20.31,27.06,0.3977,1.033,24.33,39.16
17.35,23.06,0.4007,1.317,19.85,31.47
17.29,22.13,0.8348,1.633,20.39,27.24
15.61,19.38,0.2298,0.9988,17.91,31.67
17.19,22.07,0.4203,0.7383,21.58,29.33
20.73,31.12,1.172,1.617,32.49,47.16
10.6,18.95,0.4505,1.197,11.88,22.94
13.59,21.84,0.338,1.916,14.8,30.04
12.87,16.21,0.2345,1.219,13.9,23.64
10.71,20.39,0.3198,1.489,11.69,25.21
14.29,16.82,0.1302,0.7198,14.91,20.65
11.29,13.04,0.1904,0.5293,12.32,16.18
21.75,20.99,1.167,1.352,28.19,28.18
9.742,15.67,0.2684,1.409,10.75,20.88
17.93,24.48,0.4212,1.433,20.92,34.69
11.89,17.36,0.6412,2.293,12.4,18.99
11.33,14.16,0.2375,1.28,12.2,18.99
18.81,19.98,0.3283,0.828,19.96,24.3
13.59,17.84,0.258,1.166,15.5,26.1
13.85,15.18,0.2479,0.9195,14.98,21.74
19.16,26.6,0.6361,1.001,23.72,35.9
11.74,14.02,0.5619,1.268,13.31,18.26
19.4,18.18,0.4709,0.9951,23.79,28.65
16.24,18.77,0.2873,0.9173,18.55,25.09
12.89,15.7,0.2913,1.389,13.9,19.69
12.58,18.4,0.2719,1.35,13.5,23.08
11.94,20.76,0.2742,1.39,13.24,27.29
12.89,13.12,0.1532,0.469,13.62,15.54
11.26,19.96,0.4866,1.905,11.86,22.33
11.37,18.89,0.2656,1.974,12.36,26.14
14.41,19.73,0.8811,1.77,15.77,22.13
14.96,19.1,0.2877,0.948,16.25,26.19
12.95,16.02,0.2094,0.7636,13.74,19.93
11.85,17.46,0.207,1.238,13.06,25.75
12.72,13.78,0.1807,0.6931,13.5,17.48
13.77,13.27,0.2191,0.6946,14.67,16.93
10.91,12.35,0.1753,1.027,11.37,14.82
11.76,18.14,0.645,2.105,13.36,23.39
14.26,18.17,0.23,0.669,16.22,25.26
10.51,23.09,0.2868,1.143,10.93,24.22
19.53,18.9,1.111,1.161,25.93,26.24
12.46,19.89,0.3642,1.04,13.46,23.07
20.09,23.86,1.072,1.743,23.68,29.43
10.49,18.61,0.1485,1.563,11.06,24.54
11.46,18.16,0.3278,1.059,12.68,21.61
11.6,24.49,0.2512,1.786,12.44,31.62
13.2,15.82,0.1903,0.5735,14.41,20.45
9,14.4,0.1746,1.305,9.699,20.07
13.5,12.71,0.2244,0.6864,14.97,16.94
13.05,13.84,0.3975,0.8285,14.73,17.4
11.7,19.11,0.1601,1.43,12.61,26.55
14.61,15.69,0.316,0.9115,16.46,21.75
12.76,13.37,0.3265,0.6594,14.19,16.4
11.54,10.72,0.1312,0.3602,12.34,12.87
8.597,18.6,0.3368,2.777,8.952,22.44
12.49,16.85,0.1716,0.7151,13.34,19.71
12.18,14.08,0.2113,0.5996,12.85,16.47
18.22,18.87,0.4041,0.5503,21.84,25
9.042,18.9,0.4653,1.911,10.06,23.4
12.43,17,0.3778,2.2,12.9,20.21
10.25,16.18,0.3677,1.471,11.28,20.61
20.16,19.66,0.5925,0.6863,23.06,23.03
12.86,13.32,0.2212,1.042,14.04,21.08
20.34,21.51,0.5702,1.023,25.3,31.86
12.2,15.21,0.2575,0.8073,13.75,21.38
12.67,17.3,0.21,0.9505,13.71,21.1
14.11,12.88,0.2571,1.081,15.53,18
12.03,17.93,0.2335,0.9097,13.07,22.25
16.27,20.71,0.4375,1.232,19.28,30.38
16.26,21.88,0.5706,1.457,17.73,25.21
16.03,15.51,0.3371,0.7476,18.76,21.98
12.98,19.35,0.2684,0.5664,14.42,21.95
11.22,19.86,0.2976,1.966,11.98,25.78
11.25,14.78,0.2144,0.9961,12.76,22.06
12.3,19.02,0.184,1.532,13.35,28.46
17.06,21,0.8161,2.129,20.99,33.15
12.99,14.23,0.1814,0.6412,13.72,16.91
18.77,21.43,0.6422,1.53,24.54,34.37
10.05,17.53,0.2619,2.015,11.16,26.84
23.51,24.27,1.009,0.9245,30.67,30.73
14.42,16.54,0.3491,0.7706,16.67,21.51
9.606,16.84,0.1844,0.9429,10.75,23.07
11.06,14.96,0.1601,0.8225,11.92,19.9
19.68,21.68,0.6226,2.284,22.75,34.66
11.71,15.45,0.3446,0.7395,13.06,18.16
10.26,14.71,0.338,2.509,10.88,19.48
12.06,18.9,0.243,1.152,13.64,27.06
14.76,14.74,0.3428,0.3981,17.27,17.93
11.47,16.03,0.1707,0.7615,12.51,20.79
11.95,14.96,0.361,1.05,12.81,17.72
11.66,17.07,0.3534,0.6724,13.28,19.74
15.75,19.22,0.5204,1.324,17.36,24.17
25.73,17.46,0.9948,0.8509,33.13,23.58
15.08,25.74,0.6534,1.506,18.51,33.22
11.14,14.07,0.4222,0.8092,12.12,15.82
12.56,19.07,0.3602,1.478,13.37,22.43
13.05,18.59,0.3106,1.51,14.19,24.85
13.87,16.21,0.2543,1.363,15.11,25.58
8.878,15.49,0.5381,1.2,9.981,17.7
9.436,18.32,0.5079,1.247,12.02,25.02
12.54,18.07,0.3511,0.9527,13.72,20.98
13.3,21.57,0.2621,1.539,14.2,29.2
12.76,18.84,0.2213,1.285,13.75,25.99
16.5,18.29,0.3389,1.439,18.13,25.45
13.4,16.95,0.1584,0.6124,14.73,21.7
20.44,21.78,0.5781,0.9168,24.31,26.37
20.2,26.83,0.9761,1.892,24.19,33.81
12.21,18.02,0.2527,0.7786,14.29,24.04
21.71,17.25,1.207,1.051,30.75,26.44
22.01,21.9,1.008,0.6999,27.66,25.8
16.35,23.29,0.4312,1.022,19.38,31.03
15.19,13.21,0.1783,0.4125,16.2,15.73
21.37,15.1,0.3414,1.309,22.69,21.84
20.64,17.35,0.6137,0.6575,25.37,23.17
13.69,16.07,0.1705,0.5066,14.84,20.21
16.17,16.07,0.1745,0.489,16.97,19.14
10.57,20.22,0.1115,1.231,10.85,22.82
13.46,28.21,0.1689,1.15,14.69,35.63
13.66,15.15,0.1402,0.5417,14.54,19.64
11.08,18.83,0.2114,1.027,13.24,32.82
11.27,12.96,0.2562,0.9858,12.84,20.53
11.04,14.93,0.1642,1.031,12.09,20.83
12.05,22.72,0.1194,1.434,12.57,28.71
12.39,17.48,0.2608,0.873,14.18,23.13
13.28,13.72,0.1833,0.5308,14.24,17.37
14.6,23.29,0.4157,1.627,15.79,31.71
12.21,14.09,0.2666,0.8309,13.13,19.29
13.88,16.16,0.2541,0.6218,15.51,19.97
11.27,15.5,0.3305,1.067,12.04,18.93
19.55,23.21,0.6107,2.836,20.82,30.44
10.26,12.22,0.1911,0.5477,11.38,15.65
8.734,16.84,0.5169,2.079,10.17,22.8
15.49,19.97,0.647,1.331,21.2,29.41
21.61,22.28,0.6242,0.9209,26.23,28.74
12.1,17.72,0.2841,1.652,13.56,25.8
14.06,17.18,0.1504,1.685,14.92,25.34
13.51,18.89,0.2136,1.332,14.8,27.2
12.8,17.46,0.3639,1.265,13.74,21.06
11.06,14.83,0.1855,0.6881,12.68,20.35
11.8,17.26,0.3438,1.14,13.45,24.49
17.91,21.02,0.403,0.7747,20.8,27.78
11.93,10.91,0.2522,1.045,13.8,20.14
12.96,18.29,0.2357,1.299,14.13,24.61
12.94,16.17,0.1458,0.905,13.86,23.02
12.34,14.95,0.3833,0.9078,13.18,16.85
10.94,18.59,0.3796,1.743,12.4,25.58
16.14,14.86,0.2387,0.6372,17.71,19.58
12.85,21.37,0.4993,1.798,14.4,27.01
17.99,20.66,0.4537,0.8733,21.08,25.41
12.27,17.92,0.3342,1.781,14.1,28.88
11.36,17.57,0.1916,1.555,13.05,36.32
11.04,16.83,0.1967,1.387,12.41,26.44
9.397,21.68,0.1186,1.182,9.965,27.99
14.99,22.11,0.3186,1.336,16.76,31.55
15.13,29.81,0.4681,1.627,17.26,36.91
11.89,21.17,0.2747,1.203,13.05,27.21
9.405,21.7,0.4302,2.878,10.85,31.24
15.5,21.08,1.37,1.213,23.17,27.65
12.7,12.17,0.2253,0.6457,13.65,16.92
11.16,21.41,0.2865,1.678,12.36,28.92
11.57,19.04,0.2864,1.44,13.07,26.98
14.69,13.98,0.5462,1.511,16.46,18.34
11.61,16.02,0.2456,0.7339,12.64,19.67
13.66,19.13,0.2244,0.895,15.14,25.5
9.742,19.12,0.6965,1.747,11.21,23.17
10.03,21.28,0.1851,1.341,11.11,28.94
10.48,14.98,0.3276,1.127,12.13,21.57
10.8,21.98,0.3077,1.621,12.76,32.04
11.13,16.62,0.1415,0.9671,11.68,20.29
12.72,17.67,0.2954,0.8836,13.82,20.96
14.9,22.53,0.253,0.8749,16.35,27.57
12.4,17.68,0.1767,1.46,12.88,22.91
20.18,19.54,0.4331,1.001,22.03,25.07
18.82,21.97,0.8191,1.931,22.66,30.93
14.86,16.94,0.3028,0.6683,16.31,20.54
13.98,19.62,0.2208,0.9533,17.04,30.8
12.87,19.54,0.3665,0.7693,14.45,24.38
14.04,15.98,0.3892,1.046,15.66,21.58
13.85,19.6,0.3419,1.678,15.63,28.01
14.02,15.66,0.2142,0.6549,14.91,19.31
10.97,17.2,0.2574,1.376,12.36,26.87
17.27,25.42,0.51,1.679,20.38,35.46
13.78,15.79,0.3563,0.4833,15.27,17.5
10.57,18.32,0.1818,2.542,10.94,23.31
18.03,16.85,0.2986,0.5906,20.38,22.02
11.99,24.89,0.2623,1.204,12.98,30.36
17.75,28.03,0.3897,1.077,21.53,38.54
14.8,17.66,0.2204,0.6221,16.43,22.74
14.53,19.34,0.2535,1.354,16.3,28.39
21.1,20.52,0.6643,1.361,25.68,32.07
11.87,21.54,0.256,1.554,12.79,28.18
19.59,25,0.4674,1.375,21.44,30.96
12,28.23,0.1912,1.705,13.09,37.88
14.53,13.98,0.306,0.7213,15.8,16.93
12.62,17.15,0.1692,0.6674,14.34,22.15
13.38,30.72,0.3408,1.924,15.05,41.61
11.63,29.29,0.3135,2.426,13.12,38.81
13.21,25.25,0.2084,1.35,14.35,34.23
13,25.13,0.2621,1.232,14.34,31.88
9.755,28.2,0.1781,1.687,10.67,36.92
17.08,27.15,0.9291,1.152,22.96,34.49
27.42,26.27,2.547,1.306,36.04,31.37
14.4,26.99,0.2315,0.9112,15.4,31.98
11.6,18.36,0.1816,0.7656,12.77,24.02
13.17,18.22,0.2023,0.685,14.9,23.89
13.24,20.13,0.281,0.8135,15.44,25.5
13.14,20.74,0.3152,0.7884,14.8,25.46
9.668,18.1,0.3416,1.312,11.15,24.62
17.6,23.33,0.9289,1.465,21.57,28.87
11.62,18.18,0.4101,1.74,13.36,25.4
9.667,18.49,0.3776,1.35,11.14,25.62
12.04,28.14,0.6061,2.643,13.6,33.33
14.92,14.93,0.2446,0.4334,17.18,18.22
12.27,29.97,0.4455,3.647,13.45,38.05
10.88,15.62,0.1482,0.538,11.94,19.35
12.83,15.73,0.1499,0.4875,14.09,19.35
14.2,20.53,0.3478,1.018,16.45,27.26
13.9,16.62,0.1555,0.5762,15.14,21.8
11.49,14.59,0.2034,1.166,12.4,21.9
16.25,19.51,0.3147,0.9857,17.39,23.05
12.16,18.03,0.2194,1.19,13.34,27.87
13.9,19.24,0.3316,0.9264,16.41,26.42
13.47,14.06,0.1588,0.5733,14.83,18.32
13.7,17.64,0.2431,0.9462,14.96,23.53
15.73,11.28,0.163,0.3871,17.01,14.2
12.45,16.41,0.3921,1.207,13.78,21.03
14.64,16.85,0.2204,1.006,16.46,25.44
19.44,18.82,0.5659,1.408,23.96,30.39
11.68,16.17,0.3713,1.154,13.32,21.59
16.69,20.2,0.2473,0.5679,19.18,26.56
12.25,22.44,0.2239,1.139,14.17,31.99
17.85,13.23,0.4834,1.046,19.82,18.42
18.01,20.56,0.7548,1.288,21.53,26.06
12.46,12.83,0.3276,1.486,13.19,16.36
13.16,20.54,0.3237,1.473,14.5,28.46
14.87,20.21,0.2323,1.636,16.01,28.48
12.65,18.17,0.2324,0.6332,14.38,22.15
12.47,17.31,0.1532,0.781,14.06,24.34
18.49,17.52,0.7923,1.045,22.75,22.88
20.59,21.24,0.5904,1.216,23.86,30.76
15.04,16.74,0.372,0.8423,16.76,20.43
13.82,24.49,0.4751,1.528,16.01,32.94
12.54,16.32,0.2577,1.095,13.57,21.4
23.09,19.83,1.291,0.7452,30.79,23.87
9.268,12.87,0.4076,1.093,10.28,16.38
9.676,13.14,0.2744,1.39,10.6,18.04
12.22,20.04,0.1811,0.7959,13.16,24.17
11.06,17.12,0.1779,1.03,11.69,20.74
16.3,15.7,0.2067,0.4706,17.32,17.76
15.46,23.95,0.3331,1.961,17.11,36.33
11.74,14.69,0.1924,0.6417,12.45,17.6
14.81,14.7,0.2182,0.6232,15.61,17.58
13.4,20.52,0.3906,0.9306,16.41,29.66
14.58,13.66,0.4165,0.6237,16.76,17.24
15.05,19.07,0.386,1.198,17.58,28.06
11.34,18.61,0.243,1.01,12.47,23.03
18.31,20.58,0.5449,0.9225,21.86,26.2
19.89,20.26,0.5079,0.8737,23.73,25.23
12.88,18.22,0.4426,1.169,15.05,24.37
12.75,16.7,0.3834,1.003,14.45,21.74
9.295,13.9,0.3538,1.13,10.57,17.84
24.63,21.6,0.9915,0.9004,29.92,26.93
11.26,19.83,0.1344,1.083,11.93,26.43
13.71,18.68,0.3191,1.249,15.11,25.63
9.847,15.68,0.2498,1.216,11.24,22.99
8.571,13.1,0.1267,0.6793,9.473,18.45
13.46,18.75,0.1998,0.6068,15.35,25.16
12.34,12.27,0.1166,0.4957,13.61,19.27
13.94,13.17,0.5461,2.635,14.62,15.38
12.07,13.44,0.2513,0.504,13.45,15.77
11.75,17.56,0.4384,1.907,13.5,27.98
11.67,20.02,0.2067,0.8745,13.35,28.81
13.68,16.33,0.2047,0.4801,15.85,20.2
20.47,20.67,0.8336,1.736,23.23,27.15
10.96,17.62,0.1507,1.583,11.62,26.51
20.55,20.86,0.6986,0.9901,24.3,25.48
14.27,22.55,0.2027,1.851,15.29,34.27
11.69,24.44,0.2957,1.978,12.98,32.19
7.729,25.49,0.3777,1.462,9.077,30.92
7.691,25.44,0.2196,1.479,8.678,31.89
11.54,14.44,0.2784,1.768,12.26,19.68
14.47,24.99,0.2542,1.079,16.22,31.73
14.74,25.42,0.3031,1.385,16.51,32.29
13.21,28.06,0.2351,1.597,14.37,37.17
13.87,20.7,0.272,1.047,15.05,24.75
13.62,23.23,0.346,1.336,15.35,29.09
10.32,16.35,0.2104,0.967,11.25,21.77
10.26,16.58,0.1144,1.023,10.83,22.04
9.683,19.34,0.2957,1.363,10.93,25.59
10.82,24.21,0.5196,1.918,13.03,31.45
10.86,21.48,0.3163,1.304,11.66,24.77
11.13,22.44,0.28,1.467,12.02,28.26
12.77,29.43,0.2409,1.367,13.87,36
9.333,21.94,0.3013,1.879,9.845,25.05
12.88,28.92,0.2116,1.36,13.89,35.74
10.29,27.61,0.2199,2.239,10.84,34.91
10.16,19.59,0.2441,2.09,10.65,22.88
9.423,27.88,0.5375,2.927,10.49,34.24
14.59,22.68,0.2254,1.108,15.48,27.27
11.51,23.93,0.2388,2.904,12.48,37.16
14.05,27.15,0.3645,1.492,15.3,33.17
11.2,29.37,0.3141,3.896,11.92,38.3
15.22,30.62,0.2602,1.205,17.52,42.79
20.92,25.09,0.9622,1.026,24.29,29.41
21.56,22.39,1.176,1.256,25.45,26.4
20.13,28.25,0.7655,2.463,23.69,38.25
16.6,28.08,0.4564,1.075,18.98,34.12
20.6,29.33,0.726,1.595,25.74,39.42
7.76,24.54,0.3857,1.428,9.456,30.37
